id,text,rating
1,"Karl Jansky invented the field of radio astronomy OTD in 1932. 

During a solar eclipse he saw no change in the faint radio hiss he'd been monitoring, ruling out the sun as a source. He soon attributed this ""star noise"" to large ionized gas clouds near the center of the Milky Way. 🧪 🔭",
2,"STARRY EYES (2014)
Dir. Kevin Kolsch, Dennis Widmyer
United States
Horror, Drama, Fantasy

A hopeful young starlet uncovers the ominous origins of the Hollywood elite and enters into a deadly agreement in exchange for fame and fortune.",
3,"Warm, soothing, head-clearing bath temperature take: There shouldn't be a wholly new ""AI"" regulatory agency, but rather a singular coordinating hub in and out of which the relevant EXTANT regulatory codes and bodies may operate and be deployed.",
4,"The most horrifying thing about WVU is how hard faculty, staff, and students fought to save the integrity of their university, and how little it mattered to the board of governors. We are powerless to save higher education.",
5,"Happy Friday, Bluesky! Please enjoy a Blue Jay fledgling looking around at the world curiously.

Anyone else got some bird cuteness to share?! 🦉",
6,"#WVU should absolutely be read as a blueprint for austerity. Thanks to Zane McNeill at Truthout for including my perspective here.

truthout.org/articles/wil...",
7,"Reason 12,543,539 why you need a cat (or 8). The frequency of cat purring is between 25 & 140 Hz—the same frequency has been shown to aid in the healing of broken bones. 👨‍⚕️👩‍⚕️",
8,"Really good discussion on Odd Lots of our work on credit crunches and the inflation of the 1970s. Here are two key charts from our slide deck

pages.stern.nyu.edu/~asavov/alex...",
9,"Large heat pumps are ideal to power district heating and many countries in Europe have started to deploy them.

They use ambient and waste heat instead of burning stuff.

Source Euroheat & Power.",
10,"Holy moly. The Allowissadula holosericea flowered literally overnight in the natural area where I live. I went out this evening to do a quick trash pick-up before nightfall and these guys gifted me with a BEAUTIFUL bloom! 🌿 

My other favorite color is yellow. Purple + yellow = my color scheme! 😌",
11,"Anyone up for a nerdy thread on the Inflation Reduction Act, tax equity markets and international bank capital requirements? Because like Dylan, I'm about to spit hot fire. Thread:",
12,"One of my absolute favorites! Cannot recommend enough! Gorgeous gorgeous book! 

And I got Sheree L. Greer to sign it for me in Denver!",
13,"God, Low were incredible. Fuck. All the times they probably performed in Milwaukee and I wasn't in to them yet",
14,"New unofficial discovery posted by Ohio State University:
JWST data reveals how dust, gas assemble to form galactic disks.
jwstfeed.com/Discovery?ci...
🔭 🧪",
15,"Scenes from the first half of Super Bowl LVIII. The San Francisco 49ers are up 10-3 against the Kansas City Chiefs at halftime.

Follow our live updates of the game and halftime show: wapo.st/3uttQW2

(Photo credits: Ethan Miller, Michael Reaves, Ezra Shaw/ Getty Images)",
16,"It's COVER REVEAL time!

Desperate Measures, book 3 (and the finale) of the Weight of the World series, launches 29th September 2023!

Ebook pre-orders are now live on Amazon (link 👇).

Isn't it beautiful? 😍 I'm super stoked for you to see how this wraps up!",
17,"I know who I want to take me home
I know who I want to take me home
I know who I want to take me home
It's an Uber",
18,"If you want a preview of the album the single is already released on Amazon as part of Amazon prime and on Apple music as part of the Apple subscription. You can find them at these links if you want to experience the song.

music.apple.com/us/album/fly...

amazon.com/music/player...",
19,"What is the best travel experience you’ve ever had? 
For me it was drifting up the Nile stopping at various temples & sites en route.The Ancient Egyptians were ruling from 2,300BC and until Alexander conquered in 323 BC. They understood medicine, astronomy, architecture, writing, & embalming.",
20,"Up and out early. Lots to do but you’re here so it’s gonna be great. 
We got this. Love you puppies.
Always. Full speed. ❤️💙🐾",
21,My first post should be a picture of my cat Koosje. Why? I don’t think this needs an explanation. Just look at her:,
22,"This #MuscleMommyMonday, I’m really wanting to show off because this pump was no joke, and allll the suffering for it was absolutely worth it~ ❤️😌🖤🧡",
23,"Truly stupid technology out here destroying everything in it's path to make shitty generated images/text, but I can't have one (1) useful tool to tell me I forgot to draw AL's collar in one panel in the last update, huh. I see how it is",
24,"baby bird time! here's a pair of Barred Owl beebs poking out of the nest cavity, a day before fledging and leaving the nest for good. 

🦉",
25,"Another stunning image of ☄️ comet 12P/Pons-Brooks, taken on February 10, by Michael Jäger, Autria. FOV 3° x 2°. The comet is now at about 7.5 mag moves continuously closer to the sun. forum.vdsastro.de/viewtopic.ph...
The quite accurate Wikipedia page about 12P:
en.wikipedia.org/wiki/12P/Pon...
🔭",
26,"Here’s the very fast-growing pittosporum undulata. It pops up from fruit dropped by (transferred through) birds and it’s suddenly there, a whole tree. Once a year, its fragrance is astonishing at night. The rest of the time, it’s dull but provides deep shade. 🌱",
27,"📣 BREAKING: Record number of fossil fuel lobbyists at #COP28, clocked at over 2400 !!
New analysis from #KickBigPollutersOut coalition.

Big Polluter interference costing millions of people their homes, livelihoods, and lives. #PollutersOut NOW!

kickbigpollutersout.org/articles/rel...",
28,"I regret to inform you that Joe Biden, by launching strikes on a foreign militant group, has now rendered himself uniquely unelectable among American presidents",
29,"Nasturtiums are a must for any garden. Beautiful, unusual, and fully edible. The bees also go nuts for them.

Not sold? They also love poor soil and will help fix it, great companion plants to deter pests, and perfect cut flowers.

🌺 nasturtiums 🌸 flowers 🧑🏼‍🌾 gardening 🌱 plants 🥗 harvest 💦 irrigation",
30,"New single alert! ""Happy Tails"" from the upcoming album ""Nineteen Eigthy-Fur"" with bonus songs. Artwork by Foreigner. 

cattemper.bandcamp.com/album/happy-...",
31,"*braces self and prepares to lose friends and acquaintances over this ill-advised hot take*

Pomeranians are cute but my lord they are annoying turds. Pomeranians are the dog version of what you’d get if you gave an entire kindergarten class sugar, locked them in a room and shook it uncontrollably.",
32,A bit late but I finally got a new #garden post up today. Mostly about rhododendrons. jury.co.nz/2023/10/15/o... 🌱,
33,"Lovely slow cooker pork roast recipe from Sunday Supper Movement for when you're finally sick of the turkey/ ham/ spiced beef leftovers...🍽️😋
sundaysuppermovement.com/slow-cooker-...",
34,Join me on this journey of BBQ Pork Meatloaves with Cabbage Apple Slaw and Potato Wedges from Green Chef.,
35,"For dinner tonight we got a roast chicken, Japanese milk bread rolls, roasted taters and brussels (not pictured)",
36,"In this week's video, we look at the trend of live service games seemingly being sent out to die youtu.be/N-gP55pwsy4",
37,WHO PARKED ON THE TRACKS ON MISSION BAY DRIVE AND BLOCKED MY FUKCNIGN CALTRAIN WE WERE 3 MINUTES AWAY COME OUT AND FIGHT MEEEEEEEEEEEEEEE,
38,"This time of year is the best for consecutive nights of clear dark skies. This section is in the western left quadrant of the veil nebula 2400ly away in Cygnus. 

The source was a star 20x more massive than the Sun which exploded between 10,000 and 20,000 years ago. 

So colorful!

 #astronomy 🔭",
39,"5 years ago to today. 310lbs to 235lbs. 2 shirt sizes and 3 pants sizes. I’ve overcome so much to get here and still struggle to love myself.  But when I look in the mirror or measure my arms and see the progress, I can’t help but be so proud of how far I’ve come. Keep going, even when it’s hard.",
40,"So much in-your-face energy in this new initiative against the ""hostile takeover of New College of Florida."" Lots of questions abt labor, $, and whether it can be sustained - but you gotta throw something against the wall and see if it sticks (and try to make it stick).",
41,"More payphones from Toronto's subway: a comparatively quiet corner of Union Station, the busiest stop served by a single line. It connects to the intercity and regional passenger train station and a bus depot. These phones were reinstalled during relatively recent renovations so maybe there's hope.",
42,"The Dictators were one of my first favorite bands, and one of the few that I’ve asked for autographs (when I interviewed 3/5ths of the band when I was at WNYU back in 1980). I’m paying tribute to Scott “Top Ten” Kempner today on my WFMU show; tune in at the top of the hour on wfmu.org and the radio.",
43,"Suburban Halifax (Cole Harbour), NS

Photos made on August 24, 2023 using a Nikomat EL with a Nikkor-S Auto 55mm f/1.2 on Ilford Delta 400.

#BelieveInFilm",
44,"The state of the #gamedev industry is quite depressing. But I encountered this beauty this morning… It’s the little things.. 😍
#NotAIgenerated",
45,"Today, I made a few shots with my Mamiya C330 for #FP4Party. Old decaying vehicles must be a guy thing... This one with my phone. #BelieveInFilm",
46,"""Catastrophic climate change: Lessons from the dinosaurs"" | An excerpt from my new book #OurFragileMoment (courtesy of Bulletin of the Atomic Scientists) infused with the legacy of the great Carl Sagan on this #CarlSaganDay eve:
thebulletin.org/premium/2023...",
47,"Wall Street lost out on billions in fees as private credit lured away corporate borrowers. Now it wants a cut.

Read The Big Take ⬇️",
48,"Quick test roll in the garden to confirm everything is working and then processed in the newly printed reel (that came out great and loads reasonably easily). Everything looks good! 

#BelieveInFilm #3dPrinting #ShittyCameraChallenge",
49,"10 films to get to know me 

1. Interview with the Vampire 
2. Steel Magnolias 
3. Bram Stoker’s Dracula (1992)
4. Trick’r Treat 
5. Dances With Wolves 
6. Halloween (1978)
7. Titanic 
8. All of John Wick, honestly 
9. Forrest Gump
10. Dracula 2000",
50,"Nobody: Wow, what does noted education scholar and fair-minded and not-at-all-racist analyst Bret Stephens think about the Harvard situation?

Bret Stephens:",
51,"Spectacular discovery in Egypt of 1st Dynasty SEALED & intact wine jars!🍷🍇🏺
Key research opportunity into the vinicultural networks of Egypt at an early date (5000 yrs BP!), tying into the early southwest dissemination of wine production knowledges. AncientSky 🗃️
english.ahram.org.eg/NewsContent/...",
52,"The rear lens caps for my Mamiya TLR have arrived from Simon Forster Photographic @user. Why orange, you might ask, or might not? Because I am less likely to misplace them than the more traditional black variety. The original factory caps are like hens' teeth. #BelieveInFilm",
53,"As so many of us have been saying, perceptions of inflation have a lot to do with grocery prices

Please also note that it's not just labor and supply chain issues that have caused prices to jump. Concentration rears its ugly head again",
54,"What's frustrating about the ""Biden can't just wave a magic wand!"" defense is that our complaints aren't just about Biden. They're about the inequities created by a myriad of interconnecting systems he represents and over which he wields outsized power. [1/4]",
55,"the three hundred foot long school bus is an engineering marvel and a complete and total social failure, the implications of which are still unfolding as it is continues to service the school distrcit as now the only bus,",
56,"I think it's important to critique games holistically. Meaning, taking into account the intent, content and context of the piece.

Artistic goals, tech limitations and production are key.

Otherwise we risk making sweeping generalizations out of destructible fruits. Or the look of a main menu.",
57,"Tonight, I'm going to actually visit a gym and work out. I promise this won't change me.
Wait, I mean I hope it does change some things about me. Just not all of me.
I feel that I'm over-explaining now.",
58,"I’m the only one who had any fun on annual avian exam day. Caught & boxed 22 raptors, & my first bald eagle grabs (no pic bc we were very tired). A photographer followed me into the mews for this shot bc I was having a blast. It’s a total rush! I like big birds and I cannot lie🪶 
#redtailhawk",
59,My Arctic sea-ice thickness and volume graphics are updated for September 2023: zacklabe.com/arctic-sea-i...,
60,"Still not an AI supporter. And you can't make me. You can pay me, I'll take the money, but I'll still shit on it and use that money to pay actual artists. That would be that.",
61,"Canon New F-1, Canon FL 35mm f2.5, Kentmere 100. Gosh, I love Kentmere 100. Really nice stuff, and so cheap!

Testing this very old Canon FL lens. Got a sticky aperture cleaned; seems to work great now! Bit soft wide open, but I like the contrast and bokeh. 

#BelieveInFilm #35mmLoveLetter",
62,"i help train self-driving cars. in order to make the experience more realistic, they’re generally trained to hit pedestrians every now and then",
63,"🌱Hippeastrum (Amaryllis) 'Star of Holland' & 'Red Lion' doing their best to brighten a gray day - we had a good run with a few days of sunshine, soon to have a few more.🌞 The Red Lions ❤️🦁 were retail waxed bulb rescues, I carefully cut off the wax & the plastic sleeve underneath it. 🙂",
64,"We aren't ""sliding,"" ""slipping,"" or ""heading"" into a recession. We are being pushed into one...

and the people doing the pushing have names
and addresses.",
65,"Chilly Morning Memories

Photos made on January 8, 2022 using a Nikon F80 with a Nikkor AF 50mm f/1.8 D on Fuji Velvia 50 (Exp. 2019/07)

#BelieveInFilm",
66,"don't mind me, just going full toronto again to post this rad analysis UofT did of traffic violations vs. enforcement on king street 

schoolofcities.github.io/king-street-...",
67,"Randos in esteemed economist and former Federal Reserve official Claudia Sahm's replies ""helpfully"" explaining to her that the official unemployment rate is fake because people don't pick up landline phones anymore: folks, this site has The Juice",
68,some songs can very much move me if i am in correct mood and then other times same song will not move me at all. but that being said i do not think i have ever listened to I KNOW THE END by phoebe bridgers and not cried tears of joy. pretty dang amazing,
69,"advice for if you are lonely: get a garden gnome of some kind. They're good company. Quiet,sure, but supportive little friends",
70,"If you're shopping for reluctant readers, both of my books about kids from Hell were selected as Junior Library Guild Selections specifically for kids that have a hard time finding books that interest them! I'm also happy to send bookmarks & signed book plates if you buy them as gifts & email me! 🎁",
71,"Tomorrow (11/14 @ 9:30pm JST / 12:30 UTC) is the second EXCITING online talk on sample return missions! 🛰️ This one will look at our FAVOURITE space rocks, with scientists from the JAXA Hayabusa2 mission & NASA OSIRIS-REx mission. Register for the (free) zoom here: 
us06web.zoom.us/webinar/regi...",
72,"Mike Tirico: and it’s second and 5 for Cincinnati at their own 30,

Cris Collinsworth: players should be allowed to stab the quarterback in the fucking face",
73,"Endorse every word of @user on the pathological coverage of Harvard at the NYT
defector.com/hiding-and-s...",
74,Monday project. Reverse seared T-Bone recipe. Start with 1.5 to 2” cut. Dry brine in fridge with favorite rub 2-4 days. Pull and 1hr later place in 250 deg oven. Pull when inside temp is 100f. Sear on hot grill or pan to int. temp of 125-130f. Rest for 20 mins. Cut and serve with sides. Enjoy!,
75,"Re: voting for Biden

I was unhappy with Biden's selection in the primary ahead of 2020. My main concern was that he represented a deep desire among Dems to paper over the country's problems and get back to normal rather than face them head on, meaning we'd be back in the shit in either 4 or 8 yrs.",
76,"The good news: after feeling like dogshit for two solid months, things are improving! 

The bad news: still no idea what’s wrong with me but my posture (like that of a gargoyle) may be playing into the problem so I have to fix that?? Terrible. I’ve never sat normal in my entire life.",
77,"ESPN needs to come up with a different cliche for ""joining the Yankees"" other than ""wearing the pinstripes for the first time"" because every time someone at the network says that about Juan Soto, they show him in one of those Padres uniforms with pinstripes.",
78,"Here's a Nene, or Hawaiian goose, from my trip to Kaua'i one year ago. These excellent geese are only found on the Hawaiian islands and are one of the few endemics birds out there doing decently well, having rebounded in population after nearly going extinct in the 1950s 🪶",
79,"Getting pretty sick of that ""senior scholar independently discovers your whole discipline"" thing. What's the academia equivalent of ""ok boomer""?",
80,"Watched The Doorway to Hell (1930) this afternoon… an early Warner Bros gangster film, and James Cagney’s 2nd film appearance. Not especially notable, except for how great Mr Cagney is. He’s every inch the gangster tough guy here, it’s obvious why they quickly started giving him lead roles.",
81,"Just put Episode 154 of Deep Left Field to bed and you're gonna love it!

New #Bluejays Justin Turner on what drew him to Toronto, championship experience & that incredible approach!

Daulton Varsho on what he has to do to win over #Jays fans!

#Phillies skipper Rob Thomson!

Look for it Thurs. aft.",
82,"THE MISCHIEVOUS LETTERS OF THE MARQUISE DE Q cover! Sunshiny rich girl who's actually full of rage + androgynous playboy novelist with secret broken heart + a man who needs a hug SO bad, set in magic 1820s Paris, told in letters, these bisexuals fall in love and do VENGEANCE books2read.com/u/3k6gX8",
83,None of the so-called commitments by the seven AI companies addresses illegal scraping and theft of copyrighted content. Why? Because their business models would collapse if they had to pay people for the terabytes of content they are stealing.,
84,"👀 Biden: ""One candidate for US President is very old and mentally unfit. Another candidate is me.""

✔️ Describe President Biden in a few words in the comments!",
85,"Preorders for #SavingOurselves is now LIVE! Blurbs from Bill McKibben, Charlie Gardner, and Naomi Oreskes are also up and available here:  a.co/d/e13IAWq",
86,"Every day, I’m asked “what can I do to make a difference?” 

Most feel frustrated & powerless against the climate crisis, and alarming narratives amplify this.

Alongside the grim realities, we need to know what we as individuals and as a society can do—and are doing—to make a difference.

Read:",
87,"voyager 1 is the farthest we've ever reached out our hands. past the edge of the heliosphere, 46 years old. in a year or two its nuclear batteries will be depleted. in december 2023 it stopped being able to transmit scientific data",
88,"There’s more than one Road House, for instance the 1948 noir with Ida Lupino as a femme fatale who plays piano in a bowling alley while getting unwanted advances from Richard Widmark. It’s great!",
89,"The Manhattan schist formed from mud deposited on the ocean floor & scraped in continental collisions during the formation of Pangaea over 450 - 300 million years ago. These collisions, part of the Taconic Orogeny, created a mt chain taller than the Himalayas, & squeezed and baked the…👇🏼
🧪 geology ⚒️",
90,"dude on NTS is playing a track off this sick compilation which you should all check out 

strangelovemusic.bandcamp.com/album/variou...",
91,"The government and corporations: don’t worry idiots, inflation is down, buy stuff again with your stagnant wages, you LOVE buying stuff!

The $7.50 can of coconut cream in my local Giant Foods",
92,"when biden does some heinous thing, that's just smart politics baby

when biden doing the heinous thing causes him to lose voters, that is the voters' fault for not understanding smart politics baby",
93,"""If any other form of transport was responsible for such carnage, it would be suspended immediately. Yet the car gets a free pass. Because, well... it’s the car.""",
94,"On Monday, we began painting in the 28th St Bike Lane. Don't park in it, you will get a ticket! Stay up to date with the project here: streetsofbaltimore.com/28th-street-...",
95,"In @user new novel, The Price of Thorns, the former-human Zein has become a fan favorite. Listen to them share the fairy tale of ""Clever Jorl & the Founding of Spire"" to Bella and Nivvy in this short story read by the author. You'll see why folks love this hawk!

bookhip.com/LNWTVAH",
96,"remember the kotaku article that was like ""it's racist to criticize gacha games for capitalizing on people's gambling tendencies because they're popular in asia""?",
97,"I had a walk today even though the weather was awful.  Took the Horizon Kompact loaded with Rollei Superpan
#believeinfilm #panorama #panophotos",
98,"I think a good deal of Nintendo's success can be attributed to the fact that a decent amount of its executives were game devs, and thus understand things a bit better than ""fuck around with layoffs and cancellations and see if share price goes up""",
99,"Fresh off the press: new study on winter-feeding and migratory strategies of Atlantic puffins and black-legged kittiwakes from Røst, Norway #seabirds #migration #stableisotopes
link.springer.com/article/10.1...",
100,"THE RAID 2 (2014)
Dir. Gareth Evans
Indonesia, United States
Action, Crime, Thriller

SWAT team member Rama goes undercover, joining a powerful Indonesian crime syndicate to protect his family and uncover corrupt members of his own force.",
101,"As a Brown alum I've always been pleased that Gordon Gee found Brown such a bad fit that he borderline-unethically fled for Vanderbilt at the first opportunity, and that Brown students subsequently honored his legacy like so:",
102,"One of the wives of Pharaoh Thutmose III was buried in these sandals. They are made from thin sheets of gold and decorated with designs meant to resemble leather sandals. Thebes, Egypt, c. 1479-1425 BCE.
Metropolitan Museum of Art, item no. 26.8.146a, b.",
103,"*Chicago covers up sexual assault*

NHL: Ahhh that’s no biggie. Fine ‘em a couple million and let them select a generational talent the same year. 

*Sens mess up a bureaucratic process that the NHL should be in charge of anyways*

NHL: woah, woah! You’ve crossed the line!",
104,"New asteroid paper alert!  And yes, I'm a co-author. :)

""Detection of Molecular H2O on Nominally Anhydrous Asteroids"" by Arredondo et al., in the Planetary Science Journal reports just what it says in the title!  Abstract is included below as a screenshot.  🧪🔭

iopscience.iop.org/article/10.3...",
105,"sometimes people ask me why i left academia, and the actual answer is that i got tired of watching old academics desperately fight to stay relevant, so i decided to make myself irrelevant on my own terms",
106,"Beef on Weck. Roast beef on a kummelweck roll, a roll that is topped with kosher salt and caraway seeds. The meat on the sandwich is traditionally served rare, thin cut, with the top bun getting a dip in jus and spread with horseradish.

I've also made it with venison backstrap - yum!",
107,"A composition from last night of the Cygnus Loop, a giant supernova remnant. It's so big in the sky that 6 full moons fit across it. 4 hour integration.",
108,"“A deal of extraordinary scope” 

“Unprecedented provisions for consent and compensation that will protect members from the threat of AI”

❤️‍🔥❤️‍🔥❤️‍🔥❤️‍🔥❤️‍🔥❤️‍🔥❤️‍🔥❤️‍🔥❤️‍🔥❤️‍🔥❤️‍🔥❤️‍🔥",
109,"AI used, in whole or in part, of artistic creations, is completely incompatible with belonging in any sort of art show.

That is my opinion. And that is all I will say on the matter.",
110,"With both poles observing unusually low sea ice conditions, global sea ice extent is the 2nd lowest on record (after 2016) for today's date...

+ More sea ice graphics available at zacklabe.com/global-sea-i...
+ Data from nsidc.org/data/seaice_...",
111,"Seeing as I’m here I guess I could do a heartfelt book plug

But it’s the evening and I’m tired so I’ll just say, preorder the bloody thing here… 

amzn.eu/d/02xom0v",
112,"If you are looking for a slightly spooky 👻 🎃📖 read this month, with a hint of magic 🧙🏻‍♀️🐈‍⬛ and a touch of romance ❤️ then check out this novella by @user  📚

“Something Wicked”
by Louise Marley",
113,The biggest threat to research integrity in academic medicine is that everyone is being asked to do way too many things at any given time.,
114,"Here’s posting picture of the day for Friday besties 

It’s Chrysanthemums from yesteryear.Hope you love them 💕💕💕

#gardening #flowers #autumn",
115,"Ali Farka Touré with   
Ry Cooder - Ai Du (audio) 
Talking Timbuktu, 1994 

youtube.com/watch?v=xTIp-KARF14&si=Es_qZOjeUnp6a3Ft",
116,"#AlmeriaMovieSet 🏰 19/20
The Amazons Fortress, drawn by Mario Garbuglia, built by Julio Molina near the current Monsul beach car park for “War Goddess” aka The Amazons aka Le guerriere dal seno nudo by Terence Young (1973) Cabo De Gata 🌵 Almeria 📽️ Filmsky",
117,"i am going to vote for brandon in this years election. 

not the current president joe brandon. i’m just going to write the name “Brandon” and hope for the best",
118,"Lewes Dam and the Yukon River

(Merry Christmas you filthy animals)

Fuji GS645S 
Fuji PRO400H
The Yukon
#believeinfilm
#filmphotography",
119,"You wanna know something cool they don't tell you about working out?
You can do the stuff you want to and you don't really have to do the stuff you hate.
If no one has told you yet and the idea appeals to you- you are allowed to lift things and get strong and muscular.
Women too. Especially women.",
120,"Huge congrats to India on a successful launch for their Chandrayaan-3 mission, now on its way to the Moon!",
121,"""I Literally Didn't Make That Game and I Don't Know Why You're Asking Me About It"": Miyamoto Reflects on Call of Duty: Black Ops 4",
122,"An increasingly common refrain among teachers at my school is ""A.I. is here, whether we like it or not, so we need to teach our students how to use it,"" and I'm finding it difficult to argue against that line of reasoning without sounding like an out of touch luddite. It's very frustrating.",
123,"Via LOLGOP:

Unemployment claims this week are 187,000, one of lowest numbers ever recorded & nearly a record low per capita.

Maybe you're not impressed with going from record high claims under Trump to record lows under Biden.

But it is remarkable that the number is lower now than BEFORE pandemic",
124,"I loved the growth shown by the protagonist of CONFESSIONS OF A FORTY-SOMETHING F**K UP and can’t wait to see what happens in the next book

Read my full review: readeratworkblog.wordpress.com/2023/08/28/b...

Both books are out now! #bookbloggers",
125,"“In August the unemployment rate was 3.8%, close to a 50-year low. But the poll found that 51% wrongly believe that unemployment is nearing a 50-year high rather than those who believe it’s actually low (49%).” 📰",
126,"My last post tonight is a real question.

I just saw President Biden say: see pic

How will you feel if he doesn't?
I hope he does. For the record.
Will you excuse him if he doesn't?",
127,"In the latest development in a years-long saga to build some damn bus lanes in Indianapolis, the state of Indiana just banned bus lanes",
128,I think Lady Bird slightly underwhelmed me upon first release because it didn't magically hit me where I live out of nowhere like Mistress America (the greatest film of all time) did. But I have not stopped thinking about it since 2018. A miracle earworm of a film.,
129,"This day in history. 1610. Galileo discovered four of Jupiter's moons naming them Io, Europa, Beyoncé, and Kevin. It's easy to forget about Kevin.",
130,"Playing with Ricky Davis, JR Smith and DLo over the course of his career ensured LeBron would be supremely patient at every stage of fatherhood.",
131,"next ARC is the author who started my review career actually, haha! I signed up to Netgalley to get my hands on the Winternight trilogy finale many moons ago.
Now Katherine Arden is back with a supernatural WWI story - The Warm Hands of Ghosts, out Feb 13
#booksky💙📚",
132,"#MosaicMonday

Our hearts are breaking for all the suffering. Especially for the suffering of children. They are loved each and every one.

This mosaic detail shows a child with a puppy and likely dates to c. C6th CE

🏛 Great Palace Mosaic Museum, Istanbul
📸 Ard Hesselin
🏺ClassicsBluesky",
133,"Honestly, I would live a very happy life if I never heard another word about shareholders/board members in the games industry.

Capitalism ruins fucking everything.",
134,i lost 10 more pounds since the end of october it has been concluded after weighing myself today. i do think i’m going to die sometime in the next year or two and i’ve really been working on making peace with it. there are just too many organs starting to collapse and too many things going wrong.,
135,"Gothic historical fiction?! Yes please! Super happy to have been sent this proof of #TheBeholders by Hester Musson, coming 2024 from 4th Estate. I’m really looking forward to reading it!",
136,"Do you need some beautiful new pics of face-on spiral galaxies? 

Of course you do. 

science.nasa.gov/missions/web...",
137,"This glassware was, incredibly, pulled from the wreck of a Roman ship at the end of July. It is in near perfect condition. The wreck lies 350m below the surface between Italy’s Capraia Island & NE Corsica, and robot vehicles were used to retrieve the pieces. Astonishing

📷Manuel Anó
🏺AncientBlueSky",
138,"It’s Monday, and we all need a bit of inspiration 😌

This was from when I could feel the pump from my workout.",
139,“the unemployment rate is low” doesn’t mean much when you’re in an industry that sees weekly layoffs. it doesn’t mean much when you look at the ways people are often employed (independent contractor/permalance instead of full-time jobs with benefits). this isn’t “vibes-based”,
140,"Today we pledge to vote for our Potus Joe Biden because he is a compassionate and wise American leader that we can all TRUST.

🚫You CANNOT vote for ANY REPUBLICANS if you want laws that safeguard the rights of all Americans and uphold democracy🚫

youtu.be/GOQf1nENBMA?...",
141,"“What is the environmental impact of AI on our planet, and what colonial impulses does this technology enable? Episode Five zooms out and up with leading AI researcher Kate Crawford, technology writer Arthur Holland Michel, and photographer Richard Misrach …”

carnegieart.org/resource/mir...",
142,"Archaeologists Excavating the Tomb of Egypt’s First Female Pharaoh Found Hundreds of Jars Still Holding Remnants of Wine 
 news.artnet.com/art-world/eg...",
143,"AWW YEAH BIDEN! Let's GET some TRAINS! $8.2 BILLION for High-Speed Rail and new Passenger Rail Lines! 

That's in addition to $16.4 billion on the Northeast Corridor, $1.4 billion for rail safety projects, and $570 million to upgrade or mitigate railroad crossings. 

SHORTLINK - mnky.us/3RAf20C",
144,"I took a Royal Canal break for a #StetWalk on a long drive today. And who did I see just as I arrived only my old friend the #heron, flying over the trees towards the sunset (disturbed, I think, by a dog)? @user",
145,"I was curious if Americans could identify exactly how old Biden and Trump are. As it turns out, they generally could.",
146,"Have I shared this here yet? You may be seeing this badge crop up around the internet. It's free for anyone (not using AI) to use for their crowdfunding, website, blog, packaging... Whatever to help affirm you're proudly AI free!

Get it here:

#NoAI #Art

I also have stickers if in shop!",
147,"Australia's greenhouse gas emissions are slightly rising, and have been for the tenure so far of centre-left PM Anthony Albanese",
148,"On the one hand, Nintendo’s legal department is horrible anti-consumer nonsense, on the other hand it hurts competitive Smash players, so who can say if it’s good or not",
149,"When the CD craze was big and going to Sam Goody was the hot thing to do in the 90’s…what was your first CD that you ever purchased ? I bought Tragic Kingdom by No Doubt , and the original Scooby Doo soundtrack album as a kid in the early 90’s. I was born in ‘88.",
150,"Laying on the floor with a pet is one of the best things. What goes through their mind? Oh look this large ape is on the ground I will sit on it. Maybe lick it.

Moppet uses me as a stand to sit up and look around. Satisfied, she sits on my butt.",
151,if you have a mild allergy to your cat that you don't want getting any worse the best advice I can pass along is aggressively lint roll your underwear the second you take them out of the dryer. keeping cat hair out of your eyes and nose is obvious but most people dont even consider their other Holes,
152,"Made some smashed potatoes with the toddler. Super easy and fun sidedish and ofc she loved hitting the potatos with a rolling pin.
Curry + bay leaves, salt, garlic, parsley, curcuma 
@user",
153,Its that time again.. just relax and look at the cat pictures.. just relax you are entering the kitty zone..,
154,"people - idk about this climate change thing

me - THE FUCKING NORTHWEST FUCKING PASSAGE HAS BEEN OPEN FOR FIFTEEN FUCKING YEARS, WE HAVE LITERALLY BEEN LOOKING FOR THAT EVERY SUMMER FOR LITERALLY SIX HUNDRED FUCKING YEARS AND WE NEVER FOUND IT UNTIL THE 2000S SO WE *KNOW* IT WAS NEVER THERE BEFORE",
155,The winter bulk is definitely kicking off. Up to 218 lbs from 205 lbs. I had been stuck at 205 for so long I didn’t think I would be able to break past it.,
156,"It's the season when students email to ask if I can calculate for them exactly how many exam marks they need in order to pass the module.

As they are supposed to be maths students, the question rarely bodes well.",
157,Watched Tremors on SyFy and it still holds up. A simple premise executed in brilliant B-movie fashion. Imagine trying to get that made today.,
158,"James Morrison's fiction recommendations are second to none, so if you like reading I urge you to check out his latest list of 100 short masterpieces. @user 

causticcovercritic.blogspot.com/2023/09/100-...",
159,"Really enjoyed North Woods by Daniel Mason. The novel charts the 400-year history of a house in Massachusetts.  Constantly surprising, wonderfully assured prose seemingly capable of anything. Vibrant characters, memorable scenes,  funny, emotional, surreal. Thanks for the rec @user",
160,"White Roman Glass Pendant
Ancient fragment of opalescent white Roman glass with blue patina set in a sterling silver pendant.

sorcerersworkbench.etsy.com/listing/1273...

#Jewelry #bsnm",
161,"The Versatile World of Carrots: A Deep Dive
Carrots, a root vegetable that is as nutritious as it is colorful, have been a staple in global cuisines for centuries. Known for their vibrant orange hue, although they come in 
yandex2024.blogspot.com",
162,"I love how pop songs are like “baby, I know I cheated on you and treated you bad, but don’t listen to what your friends are saying, take me back” and metal songs are like “I LOVE MY FRIENDS… MY WIFE IS NICE… THE SEA IS VAST”",
163,"An image released by NASA this week shows the remains of a supergiant star, more than 16,000 light-years from Earth, that ran out of fuel and collapsed.

What’s left is an ultradense core, called a neutron star.",
164,"A weekend at RSPBs Ouse & Lakenheath Fens, where there were kestrels and marsh harriers, and the sort of light across the reeds that softly and silently pencils in your return date. #birds 🪶",
165,"staunchly, proudly thinking of good games criticism as something that comes from an exclusive vanguard is partly how we ended up with this “authoritative takes on games” and glorification of ratings bullshit, so maybe let’s not do that again",
166,"Responding to today's prompt to post #birds hanging out with other critters. This tiny pīwakawaka fantail is trying to gob down a big brown fly, but fails much to its frustration. (tried posting an animated GIF but sadly it didn't work on Blue Sky - but this photo still shows the battle was real)",
167,"Is anyone tired of my wedge-tailed eagle shots from Boolcoomatta yet?
Too bad, so sad.
Here's another 😄
🪶",
168,"cleaned up a small border on the lawn near the plum tree yesterday.  Weeded out grass & weeds to prep for planting my rununculus corms today.

But surprise! As I dug the 1st hole I discovered a gladiola bulb multiplied!! I'm so excited! 🌱 so I spread those out instead! Now it will be Gladiola City!",
169,I'm just staying up watching videos of teams celebrating getting into the next round of the women's world cup.,
170,"Black Keys named their last album after a Captain Beefheart song and their new album ""Ohio Players."" It's like they're hellbent on reminding you of cooler music you could be listening to instead of Black Keys",
171,It’s Monday!!!! Time for my weekly #MuscleCubInTraining. Today I weighed in at 261lbs. I’ve lost 15.2 pounds since December 31st! 🥰,
172,"Thinking about The Bangles’ ‘Different Light’ due to someone talking about on here earlier. We crunched the tape, possibly due to rewinding Walk Like an Egyptian too much. Anyway, Manic Monday is a perfect song isn’t it? And one of the best middle 8s ever.

open.spotify.com/track/7Di7t9...",
173,"people always joke that cat owners are really cat servants but i have to get up early to walk the dog, and can't go to bed when i want bc i have to watch him & limit crate time to <8hr, and he wants me to be constantly touching him but he won't come to my favorite chair (it scares him), soooooo………",
174,"There seems to be an industry forming around addressing climate anxiety, and I know we can do two things at once, but this DOES seem to be in lieu of addressing climate change itself a lot of the time",
175,"It's crazy to me that for years, there were posts, joke articles, and parody subreddits of ""We trained an AI on ___ and here's the result."" And now that's just how they write the news for real.",
176,"Always interesting to look at the timelines of people posting bigoted nonsense. They seem to have a large crossover with climate change denial.

Have there been studies on this? I know there were some on conspiracy theory crossovers. I assume someone has done one on bigotry and climate denial.",
177,"5 stars - A wild & beautiful ride

""One of the wildest, most blessedly unconventional sci fi epics I have ever read. So beautifully written. Walter Mosley justifiably gets much recognition for the beauty & authenticity of his dialogue, but I would argue the dialogue in Afro Puffs has him beat.""",
178,"Ubisoft Executive Says Gamers Can Have Their Games on Weekends and After School If They’ve Been Good
hard-drive.net/hd/video-gam...",
179,"ADVERTISING NOTICE:

For those who cares, my novel ""Season of Skulls"" hits trade paperback on March 21st. (That's from Orbit, in the UK. There is no US paperback edition planned. If you want a uniform set of paperback Laundry/New Management books, UK editions are your only choice.)",
180,Redpolls continue to be numerous throughout the Anchorage #Alaska area. This one was with me watching the dog teams go by.,
181,"Two new novellas out from excellent SFF authors without much fanfare the last couple of weeks: latest in Lois McMaster Bujold's universally excellent Penric & Desdemona series, Demon Daughter, and a new Warchild entry from Karin Lowachee. Don't start here, but both series are low key 00s essentials.",
182,"50. 🕶️  BLADE (1998) 

Our 90-minute Season V finale sees the return of @user to talk about this superhero horror action film starring Wesley Snipes! Listen below: 

Apple shorturl.at/DEJPU 
Spotify shorturl.at/bwz59",
183,"For all those people like me who are on their own for Valentine's Day, two black-faced woodswallows forming a heart at Boolcoomatta.
🪶 #birds #Valentine",
184,"look i know i shouldn’t be getting a new indoor plant now that i’m moving to a beach bungalow but this dendrobium nobile was too beautiful a specimen to pass on, plus it smells nice! 🌱",
185,"(1/2) Keep up with your squeaky skunky gains this month by joining your local rubber skunk gym! 🎈🌀🦨🏋‍♂️🌀🎈
🖼 @user",
186,"Bonuses to sardines:

1. Easy to prepare - just open the can!
2. Incredibly healthy
3. Great with Wheat Thins
4. When someone says ""What's that SMELL?"" you can say ""SARDINES!""",
187,"A bowl from Predynastic Egypt, made from Nile clay around 5500-5700 years ago. A beautiful red colour, its shape makes it tips forward slightly, perhaps as if to offer something - and best of all, it is supported by 2 little human feet!",
188,"I try to avoid late-night snacking but I had a powerful craving for a kimchi grilled cheese, so I made one and had it with spicy mayo and chili sauce and unnffffff 🤤",
189,"Advent Calendar of Mortality History 💀🎄- Door 22: A colourful reminder of mortality in this gold ring which has a skull and crossbones shaped bezel, enamelled in white. The skull is bordered by rubies. c.1550-75 V&A 🗃️ #earlymodern",
190,L + salt + garlic powder + onion powder + cumin + garam masala + paprika + chili powder + ginger + coriander + cayenne + sumac + red pepper flakes + black pepper + white pepper + corn starch,
191,"It's the Transport Politic's annual roundup of new transit lines opening around the world this year!

That's >3,000 km of urban rail and bus lines that are now under construction and that are expected to open in 2024. Here's your overview!",
192,"One of the things I am most looking forward to in my twilight years is being in an assisted care facility where the background music is all nu-metal and 90s-00s hip-hop; really looking forward to grandchildren rolling their eyes to System of a Down and going “ugh, OLD PEOPLE MUSIC”",
193,"Primroses also kicking off in Rakesden, along with yesterday's hellebores. Spring is definitely starting to spring, and with buds showing green on this and that, pruning has already started--a bunch of St John's worts getting hard pruned today to clear off all last year's dead leaves and berries. 🌱",
194,"Due to contrasts in seasonality and sea ice characteristics between the two poles, there is a seasonality in global levels of sea ice extent. This year's minimum extent was well above the previous record from last year. 

More sea ice graphics available at zacklabe.com/global-sea-i...",
195,"The Orioles are feeling the Burnes! 

Here’s Ben Clemens on Baltimore’s blockbuster trade with the Brewers for one of the best pitchers in baseball:",
196,"Joe Biden is an amazing president.

He’s been cleaning up Trump’s disaster, & reestablishing our international alliances.

Besides sabotaging his agenda & gaslighting, all the Republicans can do is go after his son, his age, and his love of ice cream.

They’ve got nothing else.",
197,"If the Oilers can keep up their win rate from the last 9 games, I think they’re going to do pretty well this season.",
198,"Roasted poblano mac & cheese (smoked cheddar & pepper jack,) with Guinness pulled pork, fried garlic & shallots, and a homemade bbq sauce drizzle. And upside down apple marzipan tarts 🍽️",
199,"Not gonna retweet because I don't feel like the discourse, but is it true that the Braves didn't start the chop thing until they got Deion?",
200,"how long do you think it will take governments to realise that the ever-climbing cost of rent leaves less and less for every other element of the economy? my guess is ""they literally never will, they'll just be baffled as everything else shuts down""",
201,"""ai"" art is primarily a labour issue. The big problem I have is how it is being used by corporations, and by those who hate artists, to steal the work of artists, train machine learning algorithms with it, to try and cut artists out of the deal while still using the art as training data.",
